{"accuracy": [0.8553333282470703, 0.9863333106040955, 0.9956666827201843, 0.9983333349227905, 0.999666690826416], "loss": [18.917158126831055, 0.07183418422937393, 0.022038821130990982, 0.008268952369689941, 0.0008197624702006578]}