{"accuracy": [0.8754166960716248, 0.98458331823349, 0.9837499856948853, 0.9937499761581421, 0.9941666722297668], "loss": [18.680591583251953, 0.4470955431461334, 0.2952885329723358, 0.14501670002937317, 0.1116216629743576], "val_accuracy": [0.96875, 0.9930555820465088, 0.9895833134651184, 0.9791666865348816, 0.9826388955116272], "val_loss": [1.083491563796997, 0.05959073826670647, 0.1867557168006897, 0.4888435900211334, 0.3374747037887573]}